t model,t normalization,t db fetch,t feat reduction,t search,t all
0.9419349050003802,0.0001988929980143439,5.776933541001199,1.8026152819984418,0.11508226599835325,8.786043415999302
